<?xml version="1.0"?>
<TcEventSources Version="2">
	<Source>
		<GUID>{28111931-0002-0000-5230-4B1A00001500}</GUID>
		<Name LcId="1031">EL6731 PROFIBUS DP Master</Name>
		<Name LcId="1033">EL6731 PROFIBUS DP Master</Name>
		<Event>
			<Id>1</Id>
			<Message LcId="1033">Output Event was not received (0x1C32:0B = {0})</Message>
		</Event>
		<Event>
			<Id>2</Id>
			<Message LcId="1033">Input Event was not received (0x1C33:0B = {0})</Message>
		</Event>
		<Event>
			<Id>3</Id>
			<Message LcId="1033">SYNC0 Event was received too early (0x1C32:0D = {0})</Message>
		</Event>
		<Event>
			<Id>4</Id>
			<Message LcId="1033">SYNC1 Event was received too early (0x1C32:0D = {0})</Message>
		</Event>
		<Event>
			<Id>5</Id>
			<Message LcId="1033">Cycle exceeded (Cycle time = {0} µs)</Message>
		</Event>
		<Event>
			<Id>128</Id>
			<Message LcId="1033">Last DP Cycle is still running (0x1C32:0C = {0})</Message>
		</Event>
		<Event>
			<Id>129</Id>
			<Message LcId="1033">Last Cycle is still running (0x1C32:0C = {0})</Message>
		</Event>
		<Event>
			<Id>130</Id>
			<Message LcId="1033">PROFIBUS MC cycle was started too late (Failed Counter = {0})</Message>
		</Event>
		<Event>
			<Id>131</Id>
			<Message LcId="1033">Outputs were not copied because last cycle was not finished (0x1C32:0C = {0})</Message>
		</Event>
		<Event>
			<Id>192</Id>
			<Message LcId="1033">Master has no Token when starting the DP cycle</Message>
		</Event>
		<Event>
			<Id>193</Id>
			<Message LcId="1033">Master has left the Token Ring</Message>
		</Event>
		<Event>
			<Id>194</Id>
			<Message LcId="1033">Bus Error with Code 0x{0,x} received</Message>
		</Event>
		<Event>
			<Id>258</Id>
			<Message LcId="1033">DP Slave {0} has left the Data-Exchange because of no answer</Message>
		</Event>
		<Event>
			<Id>260</Id>
			<Message LcId="1033">DP Slave {0} has left the Data-Exchange because of an invalid response telegram</Message>
		</Event>
		<Event>
			<Id>263</Id>
			<Message LcId="1033">DP Slave {0} has left the Data-Exchange because of a configuration fault</Message>
		</Event>
		<Event>
			<Id>267</Id>
			<Message LcId="1033">DP Slave {0} has left the Data-Exchange because of a physical fault in the response telegram</Message>
		</Event>
		<Event>
			<Id>270</Id>
			<Message LcId="1033">DP Slave {0} has left the Data-Exchange because of a wrong telegram</Message>
		</Event>
		<Event>
			<Id>271</Id>
			<Message LcId="1033">DP Slave {0} has left the Data-Exchange because of a RR response telegram</Message>
		</Event>
		<Event>
			<Id>273</Id>
			<Message LcId="1033">DP Slave {0} has left the Data-Exchange because of an unexpected telegram</Message>
		</Event>
		<Event>
			<Id>32768</Id>
			<Message LcId="1033">DP Slave {0} has re-entered Data-Exchange</Message>
		</Event>
		<Property>
			<Name>DisplayTxtId</Name>
			<Value>true</Value>
		</Property>
	</Source>
	<Source>
		<GUID>{28111931-0002-0000-5230-211C0A001C00}</GUID>
		<Name LcId="1031">EL7201-0010 1K. MDP742 Servo-Motor-Endstufe mit OCT (50V, 2,8A RMS)</Name>
		<Name LcId="1033">EL7201-0010 1Ch. MDP742 Servo motor output stage with OCT (50V, 2.8A RMS)</Name>
		<Event>
			<Id>1</Id>
			<Message LcId="1031">kein Fehler</Message>
			<Message LcId="1033">No error</Message>
		</Event>
		<Event>
			<Id>2</Id>
			<Message LcId="1031">Kommunikation aufgebaut</Message>
			<Message LcId="1033">Communication established</Message>
		</Event>
		<Event>
			<Id>3</Id>
			<Message LcId="1031">Initialisierung: 0x{0,X},  0x{1,X}, 0x{2,X}</Message>
			<Message LcId="1033">Initialization: 0x{0,X}, 0x{1,X}, 0x{2,X}</Message>
		</Event>
		<Event>
			<Id>4096</Id>
			<Message LcId="1031">Information: 0x{0,X}, 0x{1,X}, 0x{2,X}</Message>
			<Message LcId="1033">Information: 0x{0,X}, 0x{1,X}, 0x{2,X}</Message>
		</Event>
		<Event>
			<Id>4609</Id>
			<Message LcId="1031">Verbindung zur Feldseite wiederhergestellt</Message>
			<Message LcId="1033">Communication re-established</Message>
		</Event>
		<Event>
			<Id>16384</Id>
			<Message LcId="1031">Warnung: 0x{0,X}, 0x{1,X}, 0x{2,X}</Message>
			<Message LcId="1033">Warning: 0x{0,X}, 0x{1,X}, 0x{2,X}</Message>
		</Event>
		<Event>
			<Id>16641</Id>
			<Message LcId="1031">Klemmen-Übertemperatur</Message>
			<Message LcId="1033">Terminal-Overtemperature</Message>
		</Event>
		<Event>
			<Id>16642</Id>
			<Message LcId="1031">Diskrepanz in der PDO-Konfiguration</Message>
			<Message LcId="1033">Discrepancy in the PDO-Configuration</Message>
		</Event>
		<Event>
			<Id>17153</Id>
			<Message LcId="1031">Feedback-Warnung</Message>
			<Message LcId="1033">Feedback-Warning</Message>
		</Event>
		<Event>
			<Id>17425</Id>
			<Message LcId="1031">Unterspannung DC-Zwischenkreis</Message>
			<Message LcId="1033">DC-Link undervoltage</Message>
		</Event>
		<Event>
			<Id>17426</Id>
			<Message LcId="1031">Überspannung DC-Zwischenkreis</Message>
			<Message LcId="1033">DC-Link overvoltage</Message>
		</Event>
		<Event>
			<Id>17427</Id>
			<Message LcId="1031">I2T-Modell Verstärker Überlast</Message>
			<Message LcId="1033">I2T Amplifier overload</Message>
		</Event>
		<Event>
			<Id>17428</Id>
			<Message LcId="1031">I2T-Modell Motor Überlast</Message>
			<Message LcId="1033">I2T Motor overload</Message>
		</Event>
		<Event>
			<Id>17429</Id>
			<Message LcId="1031">Geschwindigkeit wird begrenzt</Message>
			<Message LcId="1033">Speed limitation active</Message>
		</Event>
		<Event>
			<Id>17431</Id>
			<Message LcId="1031">Motor-Übertemperatur</Message>
			<Message LcId="1033">Motor-Overtemperature</Message>
		</Event>
		<Event>
			<Id>17432</Id>
			<Message LcId="1031">Limit: Strom wird limitiert</Message>
			<Message LcId="1033">Limit: Current</Message>
		</Event>
		<Event>
			<Id>17433</Id>
			<Message LcId="1031">Limit: Verstärker I2T-Modell übersteigt 100%</Message>
			<Message LcId="1033">Limit: Amplifier I2T-model exceeds 100%</Message>
		</Event>
		<Event>
			<Id>17434</Id>
			<Message LcId="1031">Limit: Motor I2T-Modell übersteigt 100%</Message>
			<Message LcId="1033">Limit: Motor I2T-model exceeds 100%</Message>
		</Event>
		<Event>
			<Id>17435</Id>
			<Message LcId="1031">Limit: Drehzahl wird limitiert</Message>
			<Message LcId="1033">Limit: Velocity limitation</Message>
		</Event>
		<Event>
			<Id>17436</Id>
			<Message LcId="1031">Spannung am STO-Eingang fehlt</Message>
			<Message LcId="1033">Voltage on STO-Input missing</Message>
		</Event>
		<Event>
			<Id>17437</Id>
			<Message LcId="1031">Internal hardware error</Message>
			<Message LcId="1033">Interner Hardwarefehler</Message>
		</Event>
		<Event>
			<Id>32769</Id>
			<Message LcId="1031">Fehler: 0x{0,X}, 0x{1,X}, 0x{2,X}</Message>
			<Message LcId="1033">Error: 0x{0,X}, 0x{1,X}, 0x{2,X}</Message>
		</Event>
		<Event>
			<Id>32770</Id>
			<Message LcId="1031">Kommunikation abgebrochen</Message>
			<Message LcId="1033">Communication aborted</Message>
		</Event>
		<Event>
			<Id>32771</Id>
			<Message LcId="1031">Konfigurationsfehler: 0x{0,X}, 0x{1,X}, 0x{2,X}</Message>
			<Message LcId="1033">Configuration error: 0x{0,X}, 0x{1,X}, 0x{2,X}</Message>
		</Event>
		<Event>
			<Id>33026</Id>
			<Message LcId="1031">Ungültige Kombination von In- und Output PDOs</Message>
			<Message LcId="1033">Invalid combination of Inputs and Outputs PDOs</Message>
		</Event>
		<Event>
			<Id>33027</Id>
			<Message LcId="1031">Keine Variablen verknüpft</Message>
			<Message LcId="1033">No variable linkage</Message>
		</Event>
		<Event>
			<Id>33028</Id>
			<Message LcId="1031">Klemmen-Übertemperatur</Message>
			<Message LcId="1033">Terminal-Overtemperature</Message>
		</Event>
		<Event>
			<Id>33029</Id>
			<Message LcId="1031">PD-Watchdog</Message>
			<Message LcId="1033">PD-Watchdog</Message>
		</Event>
		<Event>
			<Id>33077</Id>
			<Message LcId="1031">Zykluszeit muss ein vielfaches von 125 µs sein</Message>
			<Message LcId="1033">Cycletime has to be a multiple of 125 µs</Message>
		</Event>
		<Event>
			<Id>33079</Id>
			<Message LcId="1031">Elektronisches Typenschild: CRC-Fehler</Message>
			<Message LcId="1033">Electronic name plate: CRC error</Message>
		</Event>
		<Event>
			<Id>33281</Id>
			<Message LcId="1031">Keine Kommunikation zur Feldseite ( Hilfsspannung fehlt)</Message>
			<Message LcId="1033">No communication to field-side (Auxiliary voltage missing)</Message>
		</Event>
		<Event>
			<Id>33538</Id>
			<Message LcId="1031">Feedback-Fehler</Message>
			<Message LcId="1033">Feedback-Error</Message>
		</Event>
		<Event>
			<Id>33540</Id>
			<Message LcId="1031">OCT Kommunikationsfehler</Message>
			<Message LcId="1033">OCT communication error</Message>
		</Event>
		<Event>
			<Id>33795</Id>
			<Message LcId="1031">Fehler bei der ADC-Strommessung</Message>
			<Message LcId="1033">ADC Error</Message>
		</Event>
		<Event>
			<Id>33796</Id>
			<Message LcId="1031">Überstrom auf Phase U, V oder W</Message>
			<Message LcId="1033">Overcurrent</Message>
		</Event>
		<Event>
			<Id>33798</Id>
			<Message LcId="1031">Unterspannung DC-Zwischenkreis</Message>
			<Message LcId="1033">Undervoltage DC-Link</Message>
		</Event>
		<Event>
			<Id>33799</Id>
			<Message LcId="1031">Überspannung DC-Zwischenkreis</Message>
			<Message LcId="1033">Overvoltage DC-Link</Message>
		</Event>
		<Event>
			<Id>33800</Id>
			<Message LcId="1031">I2T-Modell Verstärker Überlast</Message>
			<Message LcId="1033">I2T-Model Amplifier overload</Message>
		</Event>
		<Event>
			<Id>33801</Id>
			<Message LcId="1031">I2T-Modell Motor Überlast</Message>
			<Message LcId="1033">I2T-Model motor overload</Message>
		</Event>
		<Event>
			<Id>33803</Id>
			<Message LcId="1031">Motorfehler oder Fehler in der Kommutierung</Message>
			<Message LcId="1033">Motor error or commutation malfunction</Message>
		</Event>
		<Event>
			<Id>33804</Id>
			<Message LcId="1031">Phasenfehler</Message>
			<Message LcId="1033">Phase failure</Message>
		</Event>
		<Event>
			<Id>33814</Id>
			<Message LcId="1031">Motor-Übertemperatur</Message>
			<Message LcId="1033">Motor-Overtemperature</Message>
		</Event>
		<Event>
			<Id>33815</Id>
			<Message LcId="1031">Maximale Drehfeldfrequenz überschritten</Message>
			<Message LcId="1033">Maximum rotating field velocity exceeded</Message>
		</Event>
		<Event>
			<Id>33820</Id>
			<Message LcId="1031">STO ist bei aktiver Achse aufgetreten</Message>
			<Message LcId="1033">STO while the axis was enabled</Message>
		</Event>
		<Event>
			<Id>33821</Id>
			<Message LcId="1031">Interner Hardwarefehler</Message>
			<Message LcId="1033">Internal hardware error</Message>
		</Event>
		<Event>
			<Id>65535</Id>
			<Message LcId="1031">Debug: 0x{0,X}, 0x{1,X}, 0x{2,X}</Message>
			<Message LcId="1033">Debug: 0x{0,X}, 0x{1,X}, 0x{2,X}</Message>
		</Event>
		<Property>
			<Name>DisplayTxtId</Name>
			<Value>true</Value>
		</Property>
	</Source>
</TcEventSources>
